CustomerId,Name,PhoneNumber
1,Abi,9952603821
2,Ashere,1023456789
3,Benny,9012345678
4,Bharathi,8901234567
5,Dhisha,7890123456
6,Dhivya,6789012345
7,Dilip,5678901234
8,Prethika,9840615126
9,Harini KR,3456789012
10,Harini KV,2345678901
11,Harish,9876543210
12,Harshini,7854219630
13,Jagadeesh,9720674877
14,Jais,5640753287
15,Jeevi,8918092504
16,Kaif,7235175855
17,Kamal,9535717372
18,Kani,4157934506
19,Krithu,3151564932
20,Aishwarya,9338317347
21,Madhu,9167024715
22,Nila,9047774756
23,Nithish,2693268952
24,Partha,7508832999
25,Aayush,4408559246
26,Dhkishi,1140433129
27,Neha,1659033855
28,Rohith,4710933252
29,Sai,1412746391
30,Sam,2591818860
31,Sanjana,7339391122
32,Sanjay,6970098247
33,Sharmila,9199339409
34,Shivani,6185118265
35,Sree,7508832999
36,Subash,4616410130
37,Deeksha,8157589118
38,Vamsi,7142563205
39,Varsha,9487254663
40,Naren,3906040979
41,Vignesh,6578911922
42,Sridhar,5257199062
43,Aakash,3360216584
44,Arvind,7539246432
45,Santhosh,7455853138
46,Shreya,9140640958
47,Poorvika,6902487418
48,Meenakshi,6917487748
49,Kaushik,6981625050
50,Pavithra,5112647518
51,Sindhu,5285526141
52,Dhinesh,5535089180
53,Gokul,7001743996
54,Prakash,7536632977
55,Rahman,7332989606
56,Vijay,3697243556
57,Ragini,9329270303
58,Tamilselvi,4780684650
59,Roshini,9999299390
60,Priyanka,4633429724
61,Arun,7711861049
62,Ram,2925268130
63,Niralya,9017694062
64,Nithin,4608349522
65,Mithun,5807653132
66,Babu,5519934136
67,Swathi,8157589118
68,Nivi,8091050300
69,Lakshmi,8968948977
70,Seeta,6240441999
71,Maha,6161913017
72,Athira,6364764992
73,Nakul,6481602350
74,Ajith,9475248044
75,Dhanush,6260907112
76,Siva,8509213104
77,Ashwin,6665267262
78,Deepika,8657782129
79,Archana,7161623365
80,Prathika,9977163370
81,Aarav,1203624099
82,Aarna,7670608083
83,Abhi,7422601756
84,Achint,4681432458
85,Aditi,193670792
86,Shahid,2440065308
87,Shalu,5263664316
88,Shantanu,2462723685
89,Sharad,5303706848
90,Shilpi,9686833736
91,Shraddha,8283203052
92,Shreya,4969178871
93,Shriya,9689164962
94,Shubham,1716089575
95,Siddharth,8661170589
96,Sneha,6343338628
97,Soham,5788800462
98,Sonal,1823200662
99,Sourabh,3176131960
100,Subhash,9710082986
101,Sudhir,6144174589
102,Sudhanshu,9848655391
103,Ankita,5173577991
104,Anmol,2191407811
105,Ansh,49330298
106,Anshika,9367623320
107,Anshul,2448586859
108,Antara,3526137238
109,Anuj,1154299654
110,Anupam,6534842591
111,Apoorva,7138481804
112,Arav,7093004827
113,Arhaan,1189785734
114,Arin,5064412185
115,Arohi,8852512027
116,Arpita,3185557213
117,Aryan,8560355475
118,Arzoo,1811329776
119,Ashish,5544634111
120,Ashmita,9231280779
121,Ashok,5660310421
122,Asmita,5467470735
123,Atharva,9411465595
124,Avantika,8820368984
125,Avinash,6034543705
126,Ayana,9025289380
127,Ayush,5007404432
128,Bhavya,6980407879
129,Bhuvan,6318033078
130,Chahat,8921816585
131,Daksh,7622472704
132,Deepak,3030733231
133,Deepti,7277859838
134,Dev,9781494963
135,Devanshi,1705954453
136,Dhruv,434267238
137,Disha,3989541800
138,Divya,5800224117
139,Drishti,5625395397
140,Gaurav,9322614676
141,Gayatri,2791735630
142,Geeta,2833201368
143,Geetika,6362199979
144,Girish,3020005075
145,Gopal,9978966991
146,Gopi,3948415152
147,Gourav,1134497814
148,Harsh,1710069316
149,Harsha,1709102942
150,Himani,2857312998
151,Hitesh,7133655521
152,Ishaan,4734034692
153,Ishika,9876829578
154,Ishita,5695189936
155,Jagrati,5817893073
156,Jagruti,6363836635
157,Jahnvi,5413198372
158,Jaya,2583089679
159,Jayant,675441077
160,Jyoti,6091259407
161,Kabir,1624961412
162,Kanishka,5654793942
163,Karan,4322118317
164,Kartik,1904802480
165,Kavya,7210764604
166,Khushi,5772610202
167,Komal,2466884016
168,Kritika,4261475548
169,Kunal,1907141129
170,Kush,7418553900
171,Kushagra,5105122818
172,Lakshay,3182466693
173,Lakshmi,782531839
174,Manas,2315096047
175,Manisha,9982417687
176,Manjari,3990682363
177,Mayank,8702189185
178,Meenakshi,4603925112
179,Mehul,5427237272
180,Tarun,8458832646
181,Tejas,6028277976
182,Trisha,3698789115
183,Ujjawal,2838252742
184,Uma,2520723750
185,Urmila,8063023907
186,Urvashi,1860646446
187,Usha,5815656183
188,Vaishali,9619716678
189,Niharika,269055176
190,Nikita,9978318616
191,Nikunj,3096385876
192,Nimish,8394922252
193,Nirbhay,572376171
194,Nirja,4017304698
195,Nishtha,9202007499
196,Nitin,7867095528
197,Nitya,1751590600
198,Ojas,901895773
199,Palak,9077641956
200,Pankaj,344395398
201,Shelia,6522699733
202,Jo,2436868557
203,Sheryl,6084616528
204,Whitney,4710819352
205,Lindsey,7055237695
206,Sherry,8212166605
207,Ernest,6850341714
208,Doris,1260211428
209,Cheryl,8298977590
210,Harry,2372968681
211,Casey,2008954488
212,Sara,4313212353
213,Eddie,1841839678
214,Ralph,7713578252
215,Priscilla,4838700114
216,Carly,7344769871
217,Nicolas,6774231545
218,Natasha,2319510862
219,Courtney,7855982205
220,Perry,7438768102
221,Emily,900623797
222,Meghan,4278683773
223,Ernest,9835029003
224,Norman,7994400787
225,Roger,5747762342
226,Ethan,3218993378
227,Catherine,3416639971
228,Catherine,2076264089
229,Corey,1331564053
230,Hunter,5382012599
231,Dakota,1541855985
232,Nathaniel,9642826274
233,Marco,269900329
234,Todd,4096429134
235,Bryan,9142315755
236,Adrienne,2017312572
237,Seth,2374803196
238,Stefanie,1925252723
239,Kent,7407888289
240,Angela,6799304282
241,Harry,5794260675
242,Kristopher,3308649528
243,Rachael,8706877152
244,Vincent,4049117300
245,Don,8785377287
246,Olivia,5497152923
247,Erik,2423910601
248,Judith,7537287624
249,Chloe,2476012567
250,George,4904833188
251,Jo,903432159
252,Joshua,6586111776
253,Rickey,4242628331
254,Robyn,98630318
255,Christina,7674819528
256,Shelby,1383824189
257,Steve,1348024232
258,Gina,7078058987
259,Connie,7119022046
260,Aaron,1209081040
261,Lance,9868722117
262,Mary,216784443
263,Yesenia,4807654193
264,Shane,7675900757
265,Norma,7102289249
266,Melinda,8807997679
267,Darrell,6250616454
268,Priscilla,731824848
269,Karla,2972272336
270,Alexandria,1795009536
271,Joanna,4177234453
272,Lydia,4726734014
273,Darryl,2846987087
274,Alice,1319824073
275,Seth,3854578821
276,Amy,2225764208
277,Vickie,3579222823
278,Hector,2210309379
279,Colin,946983288
280,Joshua,5518356838
281,Yesenia,1648960577
282,Meghan,9315514306
283,Eddie,8704588551
284,Joyce,4720025470
285,Isaiah,9907504912
286,Curtis,1422398714
287,Devon,295792955
288,Jordan,4761237522
289,Tom,4881963871
290,Bethany,4485543735
291,Ariel,2109632269
292,Jaclyn,4133317721
293,Stephanie,4843681306
294,Carly,542963718
295,Dominique,7185791843
296,Doris,6083973902
297,Joe,6351443994
298,Tony,9025097373
299,Lydia,2117427275
300,Matthew,2061568908
301,Laura,5352196633
302,Vernon,3096136299
303,Roberta,4847974462
304,Janet,7128514875
305,Taylor,5780424968
306,Ariana,2541195185
307,Dave,5852004148
308,Beth,7651802909
309,Diamond,9619239430
310,Timothy,5258440965
311,Victor,9764991219
312,Samantha,7810717688
313,Priscilla,1566141459
314,Erica,6586565043
315,Tonya,242191108
316,Diane,8546545709
317,Karl,2836820268
318,Dana,1809063244
319,Neil,4042101932
320,Julia,2266821194
321,Brandy,1876232077
322,Darren,3942932612
323,Roger,4158972559
324,Albert,7772847473
325,Tracie,3289595545
326,Tim,1868449310
327,Margaret,4502563981
328,Autumn,2103335877
329,Christina,8215096430
330,Andrew,7972809890
331,April,2860264658
332,Peter,4075923725
333,Christina,5462866560
334,David,3658505597
335,Willie,8990285523
336,Traci,6208010316
337,Alexandria,3897929492
338,Manuel,9993659158
339,Nathan,2868991211
340,Hailey,4053854518
341,Arthur,2528214769
342,Alexa,4845804477
343,Jorge,8430833726
344,Oscar,6434547542
345,Derrick,8089646091
346,Teresa,7299266325
347,Randy,5989877375
348,Joann,7054307634
349,Christopher,7131026737
350,Malik,8916781753
351,Kristi,7475413992
352,Mariah,3962166452
353,Monique,8009470027
354,Stacie,3622655705
355,Shannon,7712444596
356,Peggy,1789395077
357,Anthony,7723178064
358,Perry,9322921457
359,Denise,6715838288
360,Thomas,7721434921
361,Robyn,7720213265
362,Miguel,9271284798
363,Laura,7709684594
364,Madeline,7620674980
365,Christopher,4602003789
366,Mackenzie,1100168759
367,Phyllis,8919800821
368,Jesus,6831758533
369,Maurice,9005552433
370,Brittney,4836023163
370,Dalton,7267772543
371,Russell,3261323469
372,Alex,8261614431
373,Jenny,4802531108
374,Daryl,7167097926
375,Jake,9313028940
376,Luke,4768758723
377,Earl,4250114301
378,Brittany,3023030281
379,Wanda,7427049597
380,Mckenzie,5591273986
381,Ernest,5863048596
382,Haley,3475901581
383,Dalton,5939084351
384,Drew,6693148715
385,Bradley,4707974322
386,Alan,8035331131
387,Angelica,7234007006
388,Daryl,2100821556
389,Tristan,6701156402
390,Tami,1860318350
391,Grant,3523099753
392,Sherri,4534203256
393,Barbara,5017162641
394,Sherry,9905433021
395,Francisco,8987347053
396,Janice,3093288658
397,Melody,8153881591
398,Evan,2927190095
399,Terrance,8962156778
400,Stephanie,1901225279
401,Jimmy,9717124820
402,Sonia,18750771
403,Curtis,9910378176
404,Tracie,1276307472
405,Eugene,26336621
406,Lonnie,1833507567
407,Alan,9732475276
408,Grace,4046493846
409,Logan,2094996588
410,Katrina,7147146256
411,Katherine,6258815920
412,Perry,152349105
413,Makayla,4661880722
414,Jo,6408099904
415,Christian,199533342
416,Nancy,849727767
417,Cheryl,7813166631
418,Helen,263736726
419,Jennifer,9889468055
420,Danielle,7802406558
421,Candice,3514070784
422,Renee,8869082688
423,Annette,5521833006
424,Kerry,7497553665
425,Lindsey,9850082054
426,Dominic,3695933588
427,Gordon,7386009891
428,Bruce,2480860286
429,Maxwell,8707080591
430,Geoffrey,5299212574
431,Charlene,4222598391
432,Anita,5720657374
433,Leslie,7262393327
434,Pamela,8577740130
435,Deanna,2604924061
436,Bonnie,9510451498
437,Debra,413001034
438,Sharon,6841666143
439,Olivia,204404968
440,Jean,3977574287
441,Bridget,2844165891
442,Curtis,6072476621
443,Bridget,8500024213
444,Mitchell,9728145912
445,Peter,2723813360
446,Jonathon,972418831
447,Connie,8422186157
448,Stacie,3589118530
449,Jacqueline,3799191937
450,Kara,9356367503
451,Caroline,290618224
452,Meagan,2759215885
453,Jamie,4626685357
454,Nicholas,2127219647
455,Shane,6372965748
456,Norman,2534332811
457,Pamela,4522473331
458,Yolanda,9332970088
459,Phillip,9939099701
460,Taylor,6930029057
461,Ebony,2503004585
462,Lucas,4924798843
463,Alan,6239720734
464,Ernest,3759602660
465,Kristina,4243963139
466,Shaun,6706161870
467,Anthony,1463199600
468,William,2402912798
469,Bobby,1579418988
470,Krista,8424252784
471,Isaiah,9795048444
472,Gilbert,6101419667
473,Dawn,6810352916
474,Melody,6457513892
475,Edgar,5577952146
476,Allison,267275373
477,Clayton,748376356
478,Desiree,7876794096
479,Yvette,4353051949
480,Albert,8425207711
481,Kara,9136548638
482,Yolanda,6521711244
483,Cheryl,7002224549
484,Beverly,7713177001
485,Kerri,1837372659
486,Ralph,9069399089
487,Stefanie,1790006773
488,Judith,8899151744
489,Benjamin,5311768749
490,Pamela,2749464843
491,Tricia,6799866956
492,Zachary,7269371328
493,Leon,9091654969
494,Lacey,378168140
495,Yesenia,8497584717
496,Phillip,1344756922
497,Teresa,7736026136
498,Stacy,4486912584
499,Gary,2020233466
500,Jasmine,8742459545
501,Angie,2534343300
502,Stanley,3675459150
503,Mary,4681289688
504,Tristan,393322415
505,Jessica,8735548651
506,Kerry,3026964385
507,Megan,2334740380
508,Steven,5703667987
509,Dwayne,4627444320
510,Chelsey,617750992
511,Alex,6296054223
512,Bethany,7726236090
513,Mario,666621620
514,Deborah,6967661688
515,Marc,782663856
516,Kristin,7098303424
517,Frederick,4345171727
518,Angel,5150982480
519,Tasha,544888091
520,Emily,9957100891
521,Warren,3555512248
522,Julian,6414735120
523,Edward,2554888180
524,Hector,8884135838
525,Brittney,2220652222
526,Bethany,9207517275
527,Vicki,2595043698
528,Jay,6481676688
529,Candace,2165446076
530,Valerie,5989621186
531,Hunter,8260061005
532,Phillip,4806709124
533,Micheal,7778864159
534,Daniel,5179638651
535,Jonathan,5852889854
536,Kirk,1493210261
537,Kurt,9105555755
538,Stefanie,8399394771
539,Ariana,4826171695
540,Lydia,2921777428
541,Jenny,5357527153
542,Ryan,3301535453
543,Aimee,8870733275
544,Kari,2187143425
545,Vicki,9216073387
546,Kerri,7102189462
547,Raven,1420369946
548,Darryl,4883042434
549,Leah,4692473584
550,Bernard,5661757973
551,Robert,118733827
552,Randall,1444024763
553,Stacie,8837123651
554,Eduardo,2735270363
555,Robert,3483163351
556,Jermaine,3742816390
557,Lance,7619955225
558,Alvin,4065305428
559,Kathryn,7441331833
560,Jamie,6173102386
561,Francisco,2060453130
562,Earl,7539690443
563,Heather,5485544953
564,Christine,6227655544
565,Kaylee,8705633724
566,Ariel,8313135208
567,Emma,6483302301
568,Kara,6422373517
569,Erika,4484702506
570,Preston,243009380
571,Brittney,87902891
572,Gilbert,9366648573
573,Jose,760490421
574,Phyllis,2860949006
575,Robyn,902443000
576,Marie,3033567458
577,Cameron,6487507252
578,Calvin,6578334677
579,Glenn,5871718067
580,Jeff,1316170219
581,Wyatt,5835533170
582,Gina,1419421418
583,Susan,8000338158
584,Tommy,4310183190
585,Julian,2096326390
586,Fernando,9275499603
587,Leonard,3951125282
588,Nina,9315927887
589,Anne,2082565117
590,Mandy,9909692389
591,Angel,1055779866
592,Bryce,4306536906
593,Whitney,9980362270
594,Natalie,6568069852
595,Vickie,5828552951
596,Grant,1042313418
597,Bradley,7211331961
598,Roberto,3654890469
599,Debbie,7711405157
600,Henry,478173087
601,Kyle,1214773037
602,Ricky,6861829660
603,Tanya,194073533
604,Francis,5501731690
605,Lydia,8343842087
606,Jessica,8418629686
607,Summer,1909435863
608,Marisa,945663654
609,Gabrielle,5534549921
610,Maureen,6959757936
611,Cody,9938532993
612,Holly,640714921
613,Samantha,2574403897
614,Hailey,9280712235
615,Phillip,7013872625
616,Maria,3631070860
617,Sarah,5343416537
618,Gregg,9170753479
619,Micheal,7712985337
620,Gabriel,3526715660
621,Joy,1082286888
622,Karen,7590749271
623,Molly,2636480275
624,Scott,2672647603
625,Grace,4409497306
626,Kerry,5560046174
627,Xavier,6601523423
628,Dustin,6295351529
629,Brendan,4458857049
630,Cory,2846263932
631,Carla,9508247068
632,Tracy,4857288857
633,Anne,7167268151
634,Megan,6211454901
635,Sydney,8790670991
636,Regina,4553640170
637,Randy,4959325542
638,Darin,4939831560
639,Tracey,7112457297
640,Jocelyn,1476770154
641,Susan,6908245165
642,Whitney,3565308965
643,Emma,7865640562
644,Valerie,1518355237
645,Kiara,9742681778
646,Karla,703993323
647,Marisa,374901724
648,Lynn,2962871416
649,Sydney,124680996
650,Diane,1355078020
651,Christian,3172857629
652,Clayton,2049906514
653,Brandon,9786377382
654,Haley,9636773817
655,Megan,6999280335
656,Kathleen,3070551331
657,Traci,8134402312
658,Bryan,1373176182
659,Caitlyn,8863040992
660,Mary,5346233925
661,Cassie,7928040452
662,Nathaniel,9349488537
663,Marcia,7061517855
664,Jose,7290501471
665,Drew,1242257093
666,Max,6611800652
667,Valerie,1844784706
668,Elijah,1130702888
669,Jeanne,4846354189
670,Sylvia,6759345792
671,Linda,5169717735
672,Peggy,5032080473
673,Tracey,438541148
674,Curtis,1708198903
675,Candice,3396834546
676,Rodney,8558199551
677,Jay,4780135004
678,Shawn,8437921013
679,Bob,8940998345
680,Carmen,2161517063
681,Dawn,5251959107
682,Elaine,2993236030
683,Ross,2308576214
684,Blake,8482349452
685,Johnny,5316357790
686,Tanner,5404106875
687,Louis,6178957317
688,Lonnie,9823167859
689,Kellie,6691582831
690,Claudia,1241132116
691,Evan,3451898491
692,Monica,581145928
693,Caleb,3187223360
694,Tasha,7082150239
695,Alyssa,1047602528
696,Seth,5960544901
697,Logan,5602826323
698,Mark,8857939615
699,Sheena,6318916914
700,Melody,1067480144
701,Sheryl,2700713410
702,Lynn,8671311253
703,Carmen,5924508601
704,Shelley,4299924007
705,Jaime,1972514999
706,Dan,5221310238
707,Melinda,3955051195
708,Clayton,7419938461
709,Rita,1051369231
710,Melissa,5614036326
711,Sally,592891202
712,Janice,1977196050
713,Sean,9745678466
714,Marcia,1801446374
715,Dustin,5411172186
716,Jodi,9507751606
717,Benjamin,9456985982
718,Paula,494902748
719,Melvin,5727172324
720,Kaylee,114485410
721,Logan,5471775969
722,Preston,6782124595
723,Bernard,6266591855
724,Gina,3921625279
725,Ariel,4515621402
726,Don,2822004136
727,Alex,6716422129
728,Shelia,3481717139
729,Dominic,4168370219
730,Leslie,9328440640
731,Amy,7048587462
732,Judy,6090027854
733,Alex,9169923175
734,Allen,8653871686
735,Tiffany,9240267871
736,Sally,5462786179
737,Dakota,8690315161
738,Willie,4781024380
739,Isabella,6309925789
740,Janet,5692679261
741,Jeanette,7994335983
742,Emily,3614812235
743,Cristian,7049009406
744,Nina,1762063068
745,Kyle,8360351074
746,Jacob,6497733666
747,Nicholas,1446560790
748,Jasmine,8826034812
749,Jackie,976268212
750,Rebecca,845841169
751,Catherine,3126470009
752,Clifford,8404035466
753,Chase,2002396711
754,Jeff,6927291999
755,Brandy,4570061518
756,Heidi,4192640722
757,Andrew,3891109245
758,Virginia,7169906219
759,Samantha,411872755
760,Lorraine,4454113734
761,Kendra,887091953
762,Aaron,6654503089
763,Raven,3371479864
764,Terri,3014407469
765,Ross,1792030826
766,Jeremy,7867816595
767,Edward,4890321748
768,Sabrina,4590587443
769,Darren,1065754460
770,Tanya,6981383977
771,Connor,1089505175
772,Angela,7192075991
773,Norma,2588537811
774,Perry,2157949187
775,Darryl,3170702104
776,Maxwell,119252289
777,Nicole,7792343912
778,Gail,6275540090
779,David,6872812293
780,Jade,4625288329
781,Shannon,3792550268
782,Jake,9105807461
783,Dawn,8707994579
784,Carrie,1776861223
785,Ross,5921836804
786,Johnathan,7476367268
787,Franklin,8155102641
788,Candace,6543575508
789,Kaylee,6969939394
790,Francis,4724060345
791,Breanna,3852107676
792,Marco,2354424932
793,April,9281398098
794,Bryan,4035302321
795,Sabrina,6848425689
796,Evan,935621391
797,Luis,8709190682
798,Jo,7659683304
799,Rebecca,570610623
800,Kristie,7547085315
801,Natalie,2428889298
802,Dominic,1129676241
803,Molly,53454618
804,Kristin,6215028896
805,Rick,6267472953
806,Wyatt,1229970495
807,Meagan,1048957799
808,Lisa,991717140
809,Marie,5928116306
810,Rita,8807135226
811,Howard,6013471668
812,Kenneth,8347967336
813,Katelyn,4341429567
814,Douglas,6617388260
815,Rickey,2756164406
816,Tammy,8909352959
817,Mallory,4441984051
818,Charlene,6425093717
819,Bailey,7601944038
820,Jody,9420736800
821,Theresa,6531530853
822,Darlene,4721159461
823,Amanda,8757119915
824,Vickie,9087722544
825,Laurie,7791300021
826,Fernando,6427137590
827,George,8267171355
828,Samuel,8812178756
829,Heidi,5721865674
830,Bill,6405641048
831,Max,8376845004
832,Alexander,1404144433
833,Kelly,6825744701
834,Brett,7017025391
835,Lorraine,3770975987
836,Heidi,8529688930
837,Jaime,5886659418
838,Brittany,3077787239
839,Christy,3709509690
840,Regina,4783428386
841,Ariel,4837627334
842,Troy,434589364
843,Carrie,8896760451
844,Norman,7062843396
845,Vernon,8925745192
846,Shaun,9893120171
847,Sheila,3422096130
848,Diamond,9474360385
849,Bryan,104636056
850,Chelsea,1931571040
851,Emma,2039232351
852,Elijah,7955427566
853,Darren,3771631631
854,Alicia,1004707962
855,Christina,6342940742
856,Tabitha,53984353
857,Sarah,6408277622
858,Katrina,3947948329
859,Sophia,4092040490
860,Brady,4143096853
861,Kristie,9477820781
862,Tracy,9092584826
863,Hayley,3184673912
864,Joanne,1764512393
865,Rick,2670997169
866,Jo,9031772229
867,Yvette,3275243633
868,Autumn,9810142668
869,Eduardo,8076605000
870,Shari,4765354233
871,Caitlyn,3452639417
872,Cathy,7831000469
873,Morgan,3999755951
874,Bianca,3552469693
875,Kenneth,9105533476
876,David,966469739
877,Caitlin,2433780054
878,Peggy,7688478287
879,Doris,4346569564
880,Mercedes,8632562761
881,Craig,4674554041
882,Tami,603071557
883,Erik,2818677530
884,Theresa,1310142090
885,Kendra,4651626694
886,Heidi,3573296611
887,Regina,7181887347
888,Betty,487060688
889,Mariah,9334837857
890,Emily,450764951
891,Kristine,8921479165
892,Brad,3030888734
893,Drew,2064964419
894,Blake,9947760220
895,Maureen,5719901601
896,Monica,9039129400
897,Brittney,5610557720
898,Aaron,3818606201
899,Leon,9116998355
900,Frances,9170138961
901,Anthony,4559868046
902,Alejandra,2037342709
903,Angelica,7951687601
904,Tara,6271014270
905,Patrick,3188448405
906,Claire,4768240837
907,Evan,2613650949
908,Claire,6219801368
909,Richard,3018006724
910,Kent,3579595892
911,Jane,9391520723
912,Rita,7712212569
913,Leah,5895880080
914,Vincent,9812306415
915,Ronnie,2991145459
916,Audrey,3008100840
917,Javier,8953925989
918,Cassie,1638026001
919,Julian,2624118278
920,Carla,5553651358
921,Elizabeth,9493847839
922,Lorraine,939951965
923,Joanna,7218002534
924,Johnny,5406487127
925,Gabriel,7786437288
926,Bianca,5044099458
927,Reginald,8016900679
928,Kimberly,5257179782
929,Lonnie,5640640157
930,Kelli,4000260327
931,Jo,1324603310
932,Diana,1821123855
933,Allen,2036384959
934,Leonard,5733450521
935,Arthur,7331845565
936,Dwayne,5722921778
937,Heidi,2063987631
938,Franklin,9634128885
939,Sergio,8703860690
940,Gina,2022507382
941,Mike,7267640922
942,Holly,5352761977
943,Jenna,1803240345
944,Catherine,9038150771
945,Jerome,6905946484
946,Wayne,6807988467
947,Blake,2506360199
948,Rick,8431549782
949,Reginald,4685761615
950,Chad,6672323391
951,Wayne,4224436253
952,Darren,8540128165
953,Perry,1962316768
954,Mandy,6781094968
955,Tammie,4755148698
956,Wayne,3939218085
957,Whitney,1723522962
958,Cassie,1693938260
959,Regina,2438425562
960,Jason,9331187780
961,Jose,2112770790
962,Joy,2334162397
963,Renee,3016004979
964,Julian,5560059475
965,Pam,7802706298
966,Julie,2469660995
967,Jodi,1845381612
968,Mason,6748557500
969,Frederick,7206538927
970,Sheena,7913166012
971,Katelyn,2891055241
972,Bobby,7420415240
973,Marvin,3141898068
974,Katrina,7867531866
975,Rachael,7684064762
976,Alexandra,4043717666
977,Darlene,6566812790
978,Morgan,1304580174
979,Vernon,7325193966
980,Robyn,2803754905
981,Vanessa,3849678152
982,Heidi,3818666439
983,Kristen,5101577774
984,Jean,3450395862
985,Lawrence,6002554810
986,Christine,7711535264
987,Barbara,7581411378
988,Ruben,7762402193
989,Donald,8138342403
990,Angelica,5941326720
991,Claire,8936684089
992,Leslie,4052728535
993,Calvin,5176473030
994,Makayla,7552697104
995,Caitlyn,6347491272
996,Tony,6948211559
997,Lydia,1546104674
998,Debra,8346580253
999,Garrett,8247667300
1000,Steve,3386034760
